医生姓名,医生ID
胡韶楠,125618935287435000
韩冬,138181403984930000
虞聪,125619086178979000
赵杰,138181403958522000
陈晓东,1d884a25-7b97-4887-985e-d033f5999d5f000
谭军,128807524224717000
董健,125990111084943000
赵黎,2b6c3021-4c31-4cf1-b0a4-daf196c1ca54000
赵金忠,5374aad5-0098-4cac-a3d6-0af3ada8cd63000
陈文钧,126708369378728000
郭常安,130388938781251000
王洪立,97435f7b-4ced-423c-9824-ec78ffdee415000
吴德升,cda975d5-acb9-4c5a-bc20-df96bd119cd1000
杨春喜,03e4053a-0b90-47b4-a243-5aca284a7927000
朱文辉,769b0348-2244-48af-9495-8981e2a15bab000
黄加张,9c0e153a-8650-438e-b4a3-f93e6bd0a7b2000
陆骅,67897bfd-0fda-43db-828e-f0dcacf297fa000
杨轶,354d5c2b-536a-408e-b576-75fe27447252000
王世龙,ed02efff-ed25-4441-a3b0-ad7b9a037d25000
陈琳,125619093128785000
王斌,138181403183940000
张成钢,129256436305243000
李晓林,f9632f18-038e-436e-a751-22630a5b11ed000
王金武,138181403908613000
徐卿荣,9b41f60c-2f5e-43a3-b584-b60d312e9d5c000
夏新雷,c0729cca-7a42-4112-a68a-38f2cc281d7a000
何耀华,3f55720c-f647-43d4-aba1-d26f51df5126000
刘津浩,b99582a5-a34b-409a-aba6-49b3508f7871000
黄钢勇,dc57da7f-6721-4d1c-9bdf-ba9d0071751e000
岳冰,138864826442913000
何川,7f5ab1e0-9936-47b5-8fd1-ea60475bfedd000
程飚,927c530b-10b8-4964-b4df-88b2357b6dca000
袁霆,f7ec9a00-e498-4f80-869c-8c2985864a40000
沈宇辉,c830b38a-4b95-42bc-8e0d-e34505034077000
朱裕昌,e5887733-9d75-495c-a398-545702d43c6a000
张涛,0493b529-8b23-4435-a6e9-ebf45dbc64cb000
华英汇,129170092976949000
张权,d6b254ca-b7c0-4f44-a2bf-b5ab78eb90e3000
王隼,e330e9a1-1653-4f72-90d3-f98264054504000
康庆林,ecbbb663-5450-40ac-a767-514f93aeca78000
沈超,29d69e24-2285-4f66-abb9-616953dc30f1000
高凯,930ef456-dee5-4bd5-b085-146f6d958f29000
贺石生,d809c0c4-99ac-4f61-b0b0-6f0b23b42c32000
李慧武,eb12ef3f-5f21-44e9-93e1-ea38181e3c9a000
谢幼专,138181402644422000
刘铁龙,1c26fe4d-9505-407f-945d-0a9482782aa0000
刘洋,8ce0563d-7b9f-444c-9fd3-428c0f62d841000
刘万军,6a2b03ca-9832-4554-b38f-ddebf47f64bb000
沈阳,c6c8d236-42d5-49b9-9edf-d672c73e92ea000
张蒲,138181403289266000
方有生,125619226764548000
孙业青,a031b3fe-ddec-4956-903b-7cc2b1d737cb000
张伟滨,bcfcc2fb-51d3-44d7-bb60-1a9bc81fc7d4000
钱齐荣,c78392ac-31f5-4baf-8967-4e338ce621b6000
夏军,126708204522095000
许勇,166803d9-d214-4498-b1dd-04382b73600d000
龙作林,26b7e149-cf21-4548-8bfc-bf181900455f000
刘祖德,932ee1fa-1cae-4200-9842-dbb63da62383000
葛京化,e758428f-6379-44be-b38d-1c75b4796115000
符培亮,098418c6-9f28-4e8b-8bcd-8654ab5d3218000
徐向阳,312a8770-2a4e-4ab1-a4d7-845983473af0000
杨军,35c6da74-6b8a-46e0-b465-2c426a369962000
张明才,42ac550b-f50a-41eb-b25a-9aab2c242f59000
吴韦,5dcc48dd-9d95-440c-9852-19cbe8f671d6000
沈奕,bc976c3f-d365-4f5f-bffa-a5f5b34cc6ab000
马昕,126708225335771000
张峻,138181402409268000
徐卫东,69fe9ebb-4afb-4ab9-9b7f-c128678989ee000
张清港,d8de1b75-a88e-4013-be22-c2ed5f781754000
蔡俊丰,60951e2b-7779-4ece-8a6a-068fc6fc016b000
张竞,2e9de8e1-c134-4fcc-a798-08ddaf6350fa000
张浩,633aed3a-7401-440a-9ed9-a9b57f87b132000
王志伟,6ed41cc5-1ac5-43d0-acab-4875b4bee870000
叶添文,97ebb702-7df3-4e66-bce1-6e63a19b2416000
郭永飞,b4a818d5-1513-479b-a448-a960d774a020000
富灵杰,c843fd13-e501-4820-9369-ec3b282202bf000
徐文东,125618907513125000
张弛,125810793067741000
李云霞,126708785906797000
王友,138181402511102000
干耀恺,138181402649424000
吕碧涛,7a9d286e-eccf-4a51-b0d2-2eb7d1f4c9bb000
杨军林,950793b5-c720-11e1-913c-5cf9dd2e7135000
郑宪友,9cc104a7-4879-486a-8462-aadc71591ed0000
林红,a4e561a9-796c-469c-8347-8ae36bbc5bd3000
王建华,cacef5e8-68cf-42ee-9863-0efeeb17ff75000
朱亮,e668b0be-c8f8-49e3-a292-0649f5ba1919000
董震,125618926278432000
梅炯,1b3fdf43-0814-47be-9249-930ca004365c000
俞仲翔,3863259b-2bc6-472a-a3e2-bdd52853b3ac000
章振林,5d31fce5-518f-40fe-b175-abe0f5c85395000
蒋垚,fc8d17ed-488d-468a-8e1b-99624e8a0cc7000
吴锦辉,07eda1d6-de57-46c7-97f7-ca19bb2292ec000
姜建元,126708145763622000
俞超,138960255983821000
陆九州,a9788e7c-019d-480c-92fa-90ea2e76350d000
许鹏,b2f7ded1-d05b-4c56-b897-440f7a2b3e41000
郝永强,138181403751267000
郝斌,3c3ecb84-81d8-42ae-8929-944b7d73da64000
杨星光,47efd350-145f-4440-a199-3cfae865a5fc000
蔡郑东,9ff6b946-b429-4be9-bd05-807a55560744000
刘志宏,ac2ae1f1-5d26-476f-9bae-b86bf1d9de99000
田纪伟,ecd0fbb4-99a8-45f9-9c5b-bbba2bffbabf000
费琴明,125810554498388000
何继银,2881d7dd-c3ec-4bb2-b078-582cfd70bf44000
朱巍,4b2d27a4-b8da-4a16-9395-13324a112cbf000
张春才,4b7f1505-161d-4c55-b2c4-ae87398bcb22000
周许辉,67f03533-3f93-4959-9c7f-5e66bc62e5ac000
宋滇文,6a786e03-df94-41fb-a3d2-ee1d2125e019000
陈博昌,81673879-8cc9-41a6-8952-2769218521fe000
李宏云,dec6eccb-18a0-4812-a8de-5f77f67c5a1d000
毛远青,ee51d905-3f26-4a0f-8766-3b5fa5346c88000
刘闻欣,ff4d2937-a293-427a-a558-bdeb83f6f76a000
祝建光,130861691813001000
吕飞舟,126708392156618000
李勃,29254966-2ee4-4d32-97f3-339daa6246e5000
赵鑫,6361e81d-aa31-4891-b759-488f6fc73147000
郑龙坡,688a1c3a-d52d-4ccc-b1ff-9c565cab4fc5000
韩培,8714b465-c0aa-445e-8987-70d9a92a710c000
杨立利,9a2f9a14-1b95-4bfb-8886-58b8ae0d5bc5000
王伟力,9bf7d8f8-5571-409f-992d-e53880a0fe4e000
杨庆诚,a6428466-052d-4202-aee2-2ef56f3c0f99000
肖建如,c7139c25-fc6d-43ff-9de7-24a5f46977d2000
金翔,c7369674-6084-470d-9a56-0065595b83a6000
丁坚,cf992c8d-f93c-4408-bb67-6e0dd743e07b000
史其林,125618774527729000
臧朝平,126500658951293000
刘旭东,d1cb456d-9aaa-4bda-891b-b2c553b0941e000
王思群,126708337210984000
王旭,129170074634340000
张煜辉,1b155492-ef6e-483a-ac22-24daa539d839000
毛宁方,555d3ff8-1bdb-4be3-ac30-e9623c5557a2000
马天文,6c6e3ebd-1d6d-45c3-b00d-14403babe862000
张立国,a8989418-a813-4c1d-821d-413df8bc6d61000
岳华,b6e24751-07dd-4219-b045-ece07e3c7212000
吴子英,c4f5e992-e3c7-4de3-9609-5afc0e0b6737000
彭晓春,cb1d0b31-fd71-4d42-af1b-7741e4e0a335000
曾至立,d12d279c-3ca4-4071-bab2-35fa654074f2000
陶海荣,f841e1f3-e26d-4f03-98a2-afac95da3e77000
李立钧,a501b236-51c6-4324-9241-19cde7e6c898000
文根,0be1b59a-3ed5-49c7-8397-c81ab7f791c8000
赵庆华,0faae395-57df-4c15-b2de-62382623b804000
邵云潮,125810798303185000
顾瑜蓉,126500130259563000
陈世益,126708760306420000
张云海,127556538864605000
严望军,1bf3fd42-4ae7-4ede-8d74-ff062d1a5f4d000
史建刚,2df7f636-9b74-40f9-b656-7e64a29fb6ec000
杨剑云,3f946551-4565-4bd6-b9f0-2eab97020be9000
李国东,8a101fdf-9341-478b-9f6b-a0918ad9671f000
谢宁,94f0f51f-f2cc-4a4d-a156-52fd83b243f2000
朱振安,98231882-98a6-4b07-89c2-a2e9923f627b000
徐雷,125618891696305000
魏亦兵,126708380465673000
刘忠堂,200633ba-2e05-4125-8b7a-c04bdfe76039000
傅一山,4c55d599-a3a5-4cf2-9571-a00b35cf1b36000
马寄晓,6fefbd4b-0214-4560-88fd-0ff8ed580f56000
王春萌,9ec9f26c-2822-4e82-9c46-af2f80e80023000
李增春,c0e01414-2955-4f9f-9198-0a3d7f22288b000
姜晨轶,04b48155-f412-4c49-a924-d45c71df1b61000
张明珠,4e74be8c-5518-4262-acf7-400698a6d772000
刘靖波,71cfbe2f-b335-4fb3-a60a-02acfbec8aae000
程黎明,a6f2af76-4e4c-4375-9d91-e6b64dc04e22000
陈爱民,bafb5292-757a-4c48-9e8f-81d8a17a23f6000
王策,bc90df1f-5502-4917-bdb1-aec7ab9d042e000
李诚,f50d9285-0284-4e24-b319-a81c9611caf8000
刘岩,020d4465-2527-43a3-bb0f-a1dda6f49769000
王晓庆,138864810309990000
张兴凯,3a199ebd-c43b-4d10-ba18-85aed5305c81000
万荣,4d147576-c460-4dd4-a773-081014e7c50e000
曹鹏,61ff5eec-e25f-4653-94df-7bcf6f327bb1000
程光齐,687e2523-ed84-457b-ae60-a7ab5db36a69000
席焱海,b89934ac-0c29-4a89-86d9-754dd64697a2000
欧阳跃平,b95c484d-0ba5-43fc-a81c-9161ea38626d000
应灏,c18c39dd-d68d-4489-a72d-e2fb04d9199d000
谢仁国,e3745d56-a488-44fb-9341-edb3a2b86233000
周晓岗,e6b2ea3b-091c-4b82-8c03-5701da01c580000
王树青,36a049b3-f600-45c2-8ea7-9e090227e175000
林浩东,473db3ef-057b-4de0-bcbf-f9583b0439af000
李飞跃,4db3889f-8f86-42e8-b68a-4250d17c0ac0000
吴宇黎,4eb36258-aee0-4484-a950-da51df4a02fe000
傅文彧,a57b16ef-786f-4aa0-a3d9-329df8650859000
钱叶斌,a6837885-24b8-40fe-a0b9-84fd72f3d7ca000
祝云利,be11cd8a-f9e7-4ffa-9ec2-85f38cc1e30c000
孙健,c1668857-2ec2-4295-a438-48b33ec86275000
杨二柱,e7c99872-6b07-4219-b8f0-3334a92e58db000
尹峰,ac969218-fd02-489c-bd93-7468301fdff7000
汪方,07092eb0-4f74-46e4-b2e9-bde7c51c6c9e000
王毅超,125810788677880000
张键,125990149266210000
王毅,36de226a-45d1-4961-bd1b-3b5e5a7e5b40000
丁浩,61354e0a-e7f3-42d2-8e7c-c8844688f904000
沈云东,7e23c1b2-bb9c-471a-98f3-00e28699ed27000
宋飒,7e273e03-8109-4f62-b4dc-faeed5bb9345000
王明飞,9a71a94f-d036-4d95-839b-97e3b11ec43c000
蔡明,a787a457-37c7-4898-becc-00432c05902c000
魏海峰,b487004f-3494-4f79-83cc-aeca8bf63d9e000
付强,cb85477a-3541-436d-96d4-123281bb2cc2000
史国栋,f1f1e077-20b9-4edf-b91b-e6fbbbaf060b000
史定伟,138181403048808000
肖涟波,105515b9-53be-4057-b29b-ca704d1e2811000
侯铁胜,4e454f4d-eca1-4d1e-8ecf-530216c8be1c000
陆敬辉,57dab86e-4a1b-42d0-98c9-d8a9c7c6664c000
郭群峰,83f7b29b-0b3b-4237-a688-4ac9509db13a000
吴海山,8e611ae1-a7e7-45be-9e56-584c792a1ca5000
何勇,9a54be0d-c23a-4aed-8691-cb0416076120000
贾永伟,d7e59fe5-87ee-4ffd-9bec-464dcaec2cf1000
孙文海,da3f871b-4888-44a8-94ae-f71f9a9990c8000
曹怡,e2e67ecd-0854-4192-b001-9d40abdd0af2000
赵明东,586ca21d-c0be-47c2-a17f-d87643943554000
朱越峰,083fc15f-f446-48e5-80c7-45304ea53fef000
黄煌渊,126707908656369000
麻彬,2b8b1479-0524-42b6-87e8-fa0f3855dbd2000
阚卫兵,4c7cb9e1-2328-4389-babd-258a0c30425d000
孙晓江,887caaf6-3579-4dac-8d9e-aa7e90919ea2000
汪纯,8fa2692b-99bd-4409-aff2-ae7b0659b1ef000
张凯,c0855d8e-bffe-45fc-905f-17567d32007e000
劳杰,e14dc060-e8fc-4a64-9104-bbc6e386b225000
彭峰,125619100917892000
王涛,125619112839398000
俞永林,126709157177610000
严孟宁,13e77d9e-38d3-4ce0-b88d-991f7833b38e000
徐瑞达,25c7edf9-912e-4502-8751-ca2b4fa665fb000
钱列,31d9cdc0-5e6a-4170-8a94-4c59d2d776ed000
何志敏,387e50be-866b-4518-a010-da98e55e8558000
张春林,3f804f4f-2dba-4690-b5c0-7f89f37e293e000
庞金辉,75da16f2-0044-4914-a822-53d23470f5df000
张霆,9efcfd19-4fdc-4391-be7e-8958f6c4008b000
李中伟,a062260e-2967-4be7-89eb-0f3be6d424bf000
梁裕,a4d94c69-c28c-43aa-96a4-5e2cd444646e000
赵长清,bf0fdc86-47bf-4925-b65f-8918ac7fe548000
杨云峰,ecf1280d-bb6d-427f-8d9b-75ab1c73d271000
杨丰建,50cc1781-aacc-4c85-a737-ece6ceea2146000
姜允琦,ca5cd29a-9810-48fc-aa0c-f83ef4a04edb000
冯建民,0d0fd0f6-26d4-4082-96e6-ea8fbf9f05e1000
赵新,125619248634282000
黄东辉,127556532841877000
龚伟华,138864819042792000
纪方,28565e8b-3061-49ec-8642-edf2fdbc1410000
张弘,73aaed78-3c95-4dc3-9c58-abd69a3bbdc2000
李熙雷,86298aeb-1505-4e86-b116-d022686767f8000
杨瑞和,8cf7487a-882b-4673-9b89-2db47f05d9d3000
周强,96c56097-c720-11e1-913c-5cf9dd2e7135000
张伟,999968da-04b5-4fec-a810-2211c10c280a000
曹鹏,b516f5da-ed29-4e32-abbc-b67b96101dec000
杨兴海,ce4f9dd6-4ca7-4356-8061-d93d5672e025000
王善金,ff40b79c-2b31-4793-a24f-ae854d74544e000
陈亮,125618749678526000
张高孟,125619178460615000
魏春生,131097425839804000
李振华,1cbd402a-ce35-464a-b5c1-433441779fbe000
刘铭,2a343cd4-cb14-488e-adf0-189bded3e1f3000
许国华,2ad54a23-cece-4ba8-bcb8-8220617d8d66000
杨诚,3619b1d5-24f5-4f87-8ab0-29847c9db6b5000
金文杰,7f6927be-a5c8-46e9-bacb-429ec87e570c000
魏显招,a51a283c-c783-4092-a84c-072f1802333f000
袁锋,c6aef9c8-cbbb-4f53-9fb6-f9734b698f1c000
易诚青,de552e43-c47e-420b-8230-e12affb4dc2f000
陈宇,ed5d4402-1033-4c64-b521-66c8ceb0e0e1000
阎作勤,125810589905685000
张海龙,02c75272-376f-40eb-9174-a56552ff3b52000
周俊明,125619197096469000
周建平,125810614280448000
周建伟,126708240278066000
郝平,12972be6-852e-4c24-bee2-82a6b110d215000
胡大佑,1f60329d-6e9e-4064-81e0-b1bf54f1bb76000
林永绥,51c5513a-5eac-46db-bcf0-12ac39e8ad3a000
王蕾,5f65dba8-1936-4499-8807-4b59e9eb158c000
石志才,744f75d8-b1c3-421a-98fb-9b677b666755000
陈建伟,759b1796-f16a-4e30-8dbe-b9eceecaaa68000
张昊,85591109-3f00-42f5-aab0-fa3ea5615bc3000
吴建国,88b088ab-6598-4f5f-86ce-9df9636c7ad2000
王亚梓,8ae64413-35c1-4592-bd18-9dc75c8699d0000
于彬,9d71d8f9-15f3-456f-b09d-30b82c5669c7000
王磊,ab2a95a8-2a66-4d3a-85f1-f5e41794fa22000
马敏,aba317c7-f0bd-474c-bfa0-82c0539a73a6000
奚小冰,c20b2e71-99dc-497a-baa5-450cab104ac8000
李明,d3f9c83d-148c-4219-9036-dc7d6907bf97000
赵辉,e2028aee-d5e1-4562-92ec-7755b84a6671000
何崇儒,eb5a0f57-6bfc-46fe-b55e-3db25ab4f33a000
林建平,125810607343418000
陈增淦,126397381726752000
王德辉,126527298111389000
肖宽林,130944144982587000
李少华,2b78a763-46c4-4945-9fdf-5526259a695c000
杨建,36e615cb-dc25-45dd-b93d-95c08d3bce0d000
白玉树,39376c02-5b1e-4282-b7a0-ba4a93b0f6bc000
沈云,c74da768-a4af-4198-8012-ef6524a602cf000
周琦,d4b08640-402f-41cf-b120-2f563924e8eb000
王毓兴,f0a86b28-06e7-439e-818b-e8cfe9c43473000
姚振均,86fc1124-9cdd-4b69-a1d1-1e977834a929000
唐坚,138181402547000000
马金忠,12422b7f-2988-46b6-8961-5b15101a923d000
施德源,125810600691545000
夏庆,125810620578194000
戴春富,126527243085315000
汤伟忠,130707058425300000
邱德华,19ca53a6-f86e-4bf6-ac14-24c116c0cd82000
朱俊峰,3a909597-ca41-401d-ac06-31ad1d985353000
周家钤,3c090304-d9a7-4249-b886-11bb41f93947000
冯振洲,47b7d3ca-9938-4091-9a04-cb69b99a2df9000
何大为,493f1f67-76d5-4e7a-8e37-da6937078c70000
张鑫,5475af17-65be-4b00-af1c-5ca90a2c7844000
王锋,bf89c6c7-9692-44fe-94f8-86b21afe3d88000
李舒琳,c0809903-ba6f-4d7c-b110-f7f127d8f0dd000
何博,c285e33c-e098-4d9b-af61-b21f16a0d1e4000
李海丰,cfbf07b3-bcc1-4528-934c-852c5bb3405a000
武强,d32eeb59-9c00-40bf-b5f2-31bc21b84c95000
栗景峰,06baa17e-3167-4e1a-81b1-25d50717fc48000
朱颖华,0ab2ddd5-e0fb-4be6-b803-be6ca2f932ad000
沈雁,126527276847344000
郑春泉,126527462705636000
李慧林,127555796995471000
杨春雷,131615637235280000
倪斌,385c1a44-96de-41b8-945f-dbf4b9f20699000
叶晓健,3c375300-f640-4778-b04d-e71826ee5c23000
梁磊,472e4ca8-2e9b-48e8-8cfe-05f2a163ae0b000
庞坚,52173323-936c-4fe6-bd65-40afe3931404000
吴卫平,6d2feed4-f584-4579-9376-745326368f15000
刘杰,7ad4bf90-30fe-4170-a11b-cfac7f59120b000
胡光宇,7b80bb30-ad52-465d-8829-34c70341795f000
张秋林,9390891d-4e0b-4610-8272-6c0f13ef35cd000
王雷,959aaa11-7f25-4b66-81c5-0cc6eae3692e000
曹云,e8e10858-539d-4a8d-9d61-9b5ddc37c0cf000
王晓峰,6d1ea6e0-cf78-4e2f-8281-4ed85ebc92c7000
陈子贤,faac7861-0e32-4881-99f1-3430bd2cc0fe000
王栋梁,00a62a13-11d9-4005-9809-b1ace97e6a57000
孙静娟,125810595346928000
吴弢,127548842371128000
褚立希,131295178451159000
江伟达,131295342555140000
张少成,2cafacc5-060c-425f-a2f1-3fca14a1f55b000
吴文坚,3408704c-bf68-48d8-9ce7-bdda792e6579000
蒋淳,854306c4-f089-4636-b4ad-d9d5d03f7f3f000
刘奕,9281ac82-c8d4-446c-8a37-b85cecf6b204000
沈雷,950c4419-7eee-4e51-b83a-6c63277c8bc7000
周军杰,b43c90cc-9b96-4c8c-b8d5-5b3a33bf5e8a000
贾连顺,bfa62aac-4273-479b-829a-c9bde15c2f59000
徐建强,c2bf469e-159d-42f8-b1c4-4d5952da480e000
张家红,d7b4fccb-0d7b-485f-aeb7-55df77a9180a000
侯春林,de311710-1f31-4776-a5bd-ff115ebb7e44000
陶坤,e3492422-fef3-47c9-95a7-f692522c7bec000
陈小玲,126500102274610000
林岳鑫,126500269689205000
顾宇彤,130388950266082000
吴嘉容,131615635046576000
顾非,131615642149292000
陈华江,1d7c41ca-988f-4d12-a86d-0a9021d0f5a2000
赵良瑜,29423305-f929-481c-86b7-56331eb0c2eb000
黄建华,3955535a-c899-4443-b8d5-9a78494359aa000
汪滋民,3f182c38-cc42-46cb-af4f-210ddc14d4d2000
邵俊杰,65e2b8d2-51cf-4f72-82e3-24167d6d417a000
李国风,8363b160-6585-40a2-8810-cc3aed7fcd53000
林文,963adef9-c720-11e1-913c-5cf9dd2e7135000
祝晓忠,9a4ce3c0-2e36-430b-8fc9-e9efa00660bd000
郑昱新,ce312706-8b92-41c0-919b-7eed7cd8c620000
蒋永康,d58996f8-4d14-4546-a359-5a1ac2d71799000
苏佳灿,f8c4a0df-90e5-420f-9021-527bde8ace46000
王家骐,0de480a1-5024-4798-82ea-87cf1c08f933000
李连生,127548531879796000
高翔,127555710764233000
张琴明,131615639770285000
蒋建新,20dd3a2f-2bb4-4739-9e9f-b4f5a1460c8d000
张继东,27f7a5ae-8f63-4bd6-85c2-477616783293000
王新伟,365cf609-ddfe-4293-95fd-bed261b8b91a000
蔡新宇,484085a9-94a0-4c4d-a930-a11be32f6fcf000
杜大江,5320a055-bedd-4eb6-94c6-37361e6fea76000
许硕贵,5cd57db5-e9d8-4802-98a2-f71a37a6c620000
陈劼,6a21ec06-eebf-4fad-a2ca-5705ea05fc63000
应华,77aa4bb5-8c69-4f8c-8478-46ab0a3e0609000
仲飙,824660a2-8599-41f8-b56a-d86586916c98000
章祖成,96a732d4-c720-11e1-913c-5cf9dd2e7135000
肖剑,9bebfe49-a2e3-4563-bad5-714774722a30000
李山珠,a06c1ecd-28d8-4926-be7d-3203a6c537d5000
杜琳,a52dc068-f06d-4763-9e02-1de9c607b19d000
顾新丰,a55c08a2-9bcc-421b-95ba-41e0fb4bf03e000
卢旭华,b82a5bf6-cc4d-4afa-9b92-bfcd563c7ed6000
王桂英,bae6d609-775c-488c-8d6c-303923a90b76000
樊健,c46db321-4ceb-441b-8f18-f08e7f79c8b5000
林伟龙,127556519685176000
陈一鸣,131054925501025000
孙月华,138181402696418000
林发雄,15d57f70-4f48-4730-9679-f247173d50a8000
王明海,1c77696c-5e1f-438b-b73d-a7879a4cd493000
胡劲松,2b6b9b52-bc73-43e3-97dd-2e0590e958cb000
李华,3104f767-ac45-4312-883d-6092280b44d8000
手足外科,369369cc-36c9-42ba-bbd1-d8e56e8da7c8000
张钟元,80ecc9d3-8429-4738-9424-e5d1e4c2d9c4000
程群,830ad7d1-2636-4207-8967-b7a0bd8c61e7000
孙贵新,85debb0b-bac1-48a9-98bb-dfa1fb92f6b6000
欧阳元明,875d087c-ae2a-4b89-9954-59ee4b15a3e6000
顾广飞,8c0f01bf-73de-4117-9cea-501170ebb12a000
黎逢峰,92663fde-25b3-4a7e-b701-90e502d85bd4000
许耀,a0ff5f95-ca6e-4531-b22d-53a1a07b3518000
何海龙,a480a5e2-21ca-46cf-936f-ae954d658f47000
股骨头坏死,aea1cbb6-ffae-4603-ba30-b678f0658656000
唐昊,af179aa8-d9d0-428a-bd12-e6b03bbce5f0000
楼列名,b0dedf4d-45f3-41ad-84ec-9dbf9c0cba1f000
梅国华,ba14d04c-e4ef-46ce-9170-99d711f34810000
何永淮,c056e514-08e8-4fa6-b55c-daeb731a4873000
骨质疏松,c8fd0a25-0eae-410e-b966-de3cd73e639a000
骨科普通门诊,cbc4f857-10d8-4cac-9c5e-64c1d197ba4f000
沈灏,e858afc8-f8c9-48e7-bb50-44bec7aad177000
骨科,ed2d4a27-b0bd-4a11-b9dd-e061c973ab0c000
付青格,7be88750-181d-4c10-b8c7-82be92fb5e0d000
牛云飞,a50c4513-22f8-4735-b088-01e8da99d78a000
李晓淼,fc9d2d2c-ef59-4616-aa7e-80642db06310000
吴兴,0e74b979-3144-46cf-acae-7b52b7e24ee9000
朱炯,127556523732002000
沈海敏,127556529737441000
范永前,127556535550023000
张琪,2fb55795-f288-45a6-b0a2-058cd5bbab3d000
常跃文,416d3049-d6d8-43d7-bc40-dc7c819c5be9000
苏琰,423125bc-4c1a-48df-a475-f130dfbcba22000
石瑛,442ed790-99bf-417e-a28f-d351b953d14d000
骨科门诊,4b724df5-3186-4cdb-b851-a58b4ae173a3000
毕刚,53f0902b-16fa-4a79-b70f-87189a808049000
车武,5ed7e130-19cc-47fb-a176-e919c08c5f93000
刘杰,5f6ba00a-c49b-4926-b98f-00cc1e6ae641000
闵晓晖,7bfce9f9-d5ec-450a-a594-ac38a529c839000
关节疾病专病,81f89ac8-44f0-4607-a328-3b1a76185e36000
高伟,89969123-54ca-4b46-a538-18ee3e8744ac000
杨铁毅,9602a787-c720-11e1-913c-5cf9dd2e7135000
朱辉,a2eff54f-f644-4c7a-aff5-b1954a32fe92000
王建广,ab7c8090-df8b-479d-ad57-cd5ef02e5246000
郑军,f33cb5b0-ffb2-4c1b-ad11-68111639985d000
彭庄,cf625d78-6058-43d3-a649-2622e9ea58df000
潘杰,077dd580-4dc1-4ec7-a908-532d8491446f000
手外科,2cfb8d10-14c9-4cce-9be6-71fb71041b79000
风湿性骨关节疼痛,33df5a56-9bd4-456e-a831-37e27484a74f000
邹剑,349a1f5c-9222-4a83-84e6-ac2cc31346f7000
陈秋,3de05b09-7ccc-434d-99db-ced86d96ccf1000
王丙辉,427de20b-73de-40bf-81d0-5c773617cb06000
陆雄伟,4871e9d3-5cbd-4bc0-a260-42db80a5cb1c000
杨明杰,4d501be5-8828-4a47-9c6b-22ba66b087b3000
王秋根,4d86805e-7153-4153-8d0a-03c3ff33b118000
俞秋纬,4fb2af2a-414d-402a-977d-8da0535bdbfb000
陈雄生,652647da-316c-4c9d-af07-db14a5211718000
黄宇峰,664b9000-2a74-48ed-a307-a61e43d14c4a000
缪锦浩,67b2b4d8-95dd-4277-835d-a18497625f07000
中医风湿病,7b345465-99e4-4d25-bb23-5452141a2946000
顾施辉,82584988-2957-4714-8dfd-3d49e6b1cee4000
骨关节门诊,921eaa86-186e-4c85-aeb6-5d6e5c0f9345000
何东仪,96add3c2-c720-11e1-913c-5cf9dd2e7135000
赵耀超,99dd2a1c-2cdd-4bef-9ef5-bc92f3875566000
门诊伤科普通门诊,9bedffd3-e6f0-45fd-a707-0793bddbd7c3000
王欣,a5c4373a-4172-4e24-b9f5-30917f17ecda000
沈强,b0acb09b-c170-4eff-bdc7-7f08d22ddabb000
朱渊,ed4b0f98-3c84-461c-91c1-b62be07069bc000
周晟博,fe67a8bd-5657-40f8-b5e0-af79e731d9ac000
魏氏手法,0133acc7-5425-4315-9348-92f3d7ebf426000
刘勇章,04578217-4096-4dc7-ae92-b55c2e318b34000
腰突症,09db52a3-7445-46af-ad9e-f8a7f0f54cbe000
赵庆,130707074429433000
李浩钢,2c413108-fbda-42dc-9205-1a55506d2364000
李展春,c0df27a0-8a75-4fdb-8b0f-856035537fa9000
杨宗德,c2dc5163-5e1a-483f-ab37-ad717d4e4e29000
骨科足踝专病,e2601b16-bd04-4fb4-ac94-d1ba30f7a467000
谢杨,8975098c-a8a4-449d-bc8d-79260aee565a000
陶杰,15371c61-651b-4356-978a-2415b58e5a6e000
沈康平,1de07fb4-f138-4909-8ce4-40ec600da864000
周孜辉,436bd17f-d2b7-4429-b11d-1d51deca2870000
陈秉中,461aa53f-2fa7-4287-b54a-62b1568d1cc5000
虞伟琪,59f827b0-8aa7-4011-9f47-fd1487700038000
脊柱外科疾病门诊,5ff111bd-1f49-4002-af50-8458660079d5000
膝关节专病,667e3f9f-6641-4a1f-843c-f4abd8db1531000
骨与关节创伤专病,8c3a0540-d0c0-4196-8480-07e58aa002ba000
潘张翼,8c583818-e7cc-43f9-bafe-44b5b56e6f05000
杨伽捷,9c6275fd-efdb-44ab-b817-f09278daf256000
顾剑华,b27f9efd-bf07-49ae-b336-f72b5476c0fa000
门诊骨科普通门诊,b9a056eb-1228-4b54-aa65-67f1e115c503000
张永进,cac8120a-6ab8-46c8-9bcb-73416de152a2000
脊柱疾病,00915d81-a14d-4248-8d23-fa1f3c307071000
王立新,02e78964-d274-443d-aca4-2671b8df4975000
王谦,1e5d6231-a264-4439-9f6a-226d25c892e9000
翟赞京,2021c727-2089-4b68-8ceb-7c2c6eb4b041000
乔苏迟,2276c9e4-6d7d-4503-8a80-a3c531462b3e000
李晨光,22b1263b-8254-4bc4-bedb-15f973917f83000
劳立峰,24761a75-9422-472e-a1a0-ae1390ebf825000
吴文虎,2aec56f6-04d2-4ac7-81e9-77ca1e85de69000
骨松与关节炎专病门诊,2ff3607a-0cad-4b59-87e6-019f65596531000
谷晓川,302bf459-4501-4b86-8816-5149c0c3bef9000
王燎,30e73b94-ea5e-45cd-9acd-eb17106675ea000
颈椎病,508ee591-f599-4658-8afb-8dcb4db020fd000
倪斌斌,519a44b2-d7bc-42c7-bd1a-8019d7ffd281000
胡小鹏,5c5b1cda-299d-4b0c-b1bf-e2c1791590a9000
茅凌洲,6826a421-db2d-47ba-9dd2-a32fd53a5664000
刘凤祥,8b3be810-6143-4a18-b876-a3a1812c6033000
朱力波,991911cc-4037-4359-9e74-0fd3bd473c8c000
骨科运动医学与关节镜专科,9feb9c8f-3d5f-4327-b2ba-a1fcc04395ed000
林荣强,ad84483f-4d46-41c6-8cff-15ad1d15c812000
运动医学,d515bc6e-2a42-499c-bd60-082785bb40bc000
杨伟志,d7e8a234-d1c2-4919-a6fa-afcef5e24aac000
史永振,e03bcd7f-92bc-4090-b82b-77b1d0912ac2000
焦勤,e532a927-5a33-4ddf-8487-b46cba00cf11000
张超,f4d15baf-1b46-4c4e-b48c-3cda9736b232000
洪潮,fd7b10f6-8253-4871-9808-e4a4453438ad000
李全,0c5c1b40-4242-4b86-8858-d8b1d1a875c5000
骨科,138181402298780000
洪维,16887250-bb8f-4e1b-a2a3-7e77622b8d41000
黄必军,18ae5d02-5cb2-48f8-b754-560a28b7e354000
运动医学科膝/肩关节专病,20d4b486-0e45-4d74-af5a-18a931429a22000
杨海松,210fb3bd-22a6-4856-af14-01b71e7fa536000
石继祥,24cbfe41-1829-4800-9d83-fb648f231dc0000
饶志涛,365e60bd-06ba-4281-8f63-f5d146dafc8d000
尹华伟,3897a669-eaac-4767-bb9e-cec4096c18bb000
邵萍,3dd2250c-f1aa-4d84-b81b-61b0d6b752e8000
李家顺,42305778-eb9f-4eca-853e-d6b856bdb5ef000
张琥,5a9baca3-69f1-4a43-809b-31934cfaa49b000
髋膝关节专病,63205a84-a8e2-4e07-9ac3-81a4551677ee000
王杰,69828e5d-bae8-4c9f-b2ba-16a0f2e1897f000
高令军,789ff361-0b24-417f-aa32-f89ab1bec2a0000
膝、肩疾病关节镜门诊,7f93eb61-d743-41c2-b153-b80af8c569ee000
石文俊,87d0d45f-a99a-4752-87f5-2a0c04afd554000
冯宇,99f9a36e-4a6e-4b29-af2a-f3d81d3721e0000
刘俊建,a7b1e2ad-f096-4515-9cd4-78c8da5ccd06000
周健,c366e199-4bb8-4656-ab44-49a1ca1c0b6a000
骨科足踝外科专科,cc5fb4ee-705a-43f3-b9cc-438da9aacbfd000
糖尿病四肢麻木疼痛专科门诊,da6a9b4d-d217-4ec2-940a-565aadb6a49a000
卫晓恩,dacc2cba-90a0-44c9-a3d8-092e8f1b39f7000
赵剑佺,e791ba34-f8c2-40f1-8445-0127b0cc561b000
王晖,e84edea9-17ef-425c-802b-381ec0726183000
王祥,c4b1d22f-2020-4e64-bc20-4bee086f4828000
沈嘉康,0404479d-947f-4cd6-94b6-90a1f4e138d5000
瞿佶,15308dd0-b012-494f-9b80-71839a5febd5000
战策,1727029b-a00f-4c30-8992-b39aa3de580a000
马小军,1ef94396-55c8-4a21-8c36-e43646bf7ca4000
侯洋,316a3ee5-695b-43e2-a79f-0137dd540b4d000
李豪青,3b6fe16c-9d09-47ac-9634-341fc64488f5000
张玉强,6204e376-95b7-4e99-825a-02fd1f97680f000
陈博,8a5daa1a-ac8a-4c19-8338-3fc17ddbd3ba000
何伟民,95bd34e1-c720-11e1-913c-5cf9dd2e7135000
骨科创伤专病,a3feca69-dc22-4875-afdf-b9476564501c000
曾文,bd225205-c937-409a-a7a7-750aee27350d000
金晨,c248fd45-49d4-453b-af96-31f05e2ade1d000
骨科修复重建外科专科,c3fc3445-6e5f-4381-890d-005e854304fc000
华莹奇,e3d402eb-1d4f-4c20-9088-31850603cf10000
顾洁梅,e8e94746-8378-4d52-9e3d-73ad2ffd0ef3000
郑晓,e9f8edc3-8eb9-4a93-9980-5dfc727108cd000
邱水强,ea65d771-84c2-45ac-a526-724045580534000
吴玉杰,fdff876e-2121-4e08-8a27-1b5669fc7598000
赵卫东,564d0fbe-ab8c-4d93-a073-2db0e05082cb000
张康乐,131372046983767000
张新潮,131372048741973000
陈宇,205ca160-a83d-4d44-a9e1-fb57de707014000
戴琪萍,3eb9c431-92e8-4bb5-b0b2-d14de9b46480000
周盛源,433f7fd0-549d-484a-92d5-a73cd91cf704000
沈晓龙,487d84be-0ec5-4a1d-a9db-1baf023fb8f6000
骨科关节外科专科,4ff0c153-fe6e-4d59-b020-471d5fb0ac7e000
陈雁西,60d5e874-0eaf-4e3a-b299-1c484ac58369000
傅晓东,87ba243c-c431-4cfa-84aa-4c0ab2af5ccd000
郭艳明,96addabb-c720-11e1-913c-5cf9dd2e7135000
普通门诊,9dffecde-028b-42ee-96c1-7ecef4245aec000
脊柱外科普通门诊,b25fe30f-35b9-48fe-9033-ea87b42ee218000
马春辉,c01b985b-3df4-455b-a609-a1088a32fe32000
朱彤,c9373b9a-a62c-48b6-9579-fd6766397a86000
余将明,ec92f018-c8b8-416c-b4fe-6a6219ad8b21000
樊天佑,f41d4e4c-d98a-4850-a07e-3a66cccc4877000
尹望平,131372045086862000
刘畅,16ebe2c9-e800-42ed-8235-74b8c9f555e5000
张磊,213fcfcf-c67b-41b4-b76d-22a287977f34000
吴晓东,3fd76925-c2bc-41f7-841e-3ffb7abb99c2000
普通门诊,44cd5e45-782c-4a4e-b2b9-380eb75b0acb000
王波,788a2cad-8540-448a-93e3-0a9865bbf0c2000
董海,7a4c2d99-3b92-448c-a4d7-a6e9fa2363d6000
赵检,93796a98-c79a-47ba-9b5a-bedf0701bd1e000
汤荣光,966572ae-410e-45b5-941c-b10236116edf000
严力生,96deb60c-c720-11e1-913c-5cf9dd2e7135000
罗蔚,9b4fb7a6-de02-42eb-bd46-0c2c56b7b655000
东创伤骨科-腕关节普通门诊,b2ff1335-387a-4821-9819-74a9a6d8f701000
梁承伟,c9983930-1993-4152-bcfa-20332e673657000
吴健康,cf6788bd-f881-43c0-9881-0634c6dd7175000
颈背腰腿疼门诊,d3a33052-4ba8-4171-91da-6644e6334316000
王传舜,dd0b15af-42e8-4fb3-bfce-39375faf72dd000
吴晓明,e29bca59-fb9e-4570-9e6b-773e0b8e04da000
袁文,eec39e6d-bcc1-4a6a-b730-ca80da369fe0000
秦泗河,f105952e-4aa7-4095-afbb-d4793eaaa376000
骨骼畸形专科,f3879ceb-81ed-432d-8f9c-56272358c6e0000
陆海健,56ebe215-6b0d-4382-90ed-6752005668b3000
东骨关节外科-髋膝关节病普通门诊,169f4a3a-883b-4910-8cd6-ff03183c3e71000
东骨关节外科普通门诊,1b4a9681-c31a-4122-b036-938985777299000
骨科门诊普通门诊,30a55081-311c-4246-a7ef-e15f271b55b8000
王志远,32c2f89b-4cac-41a6-8c67-93780014134b000
东脊柱外科-腰椎疾病普通门诊,3c138c2c-a755-49db-b187-b8dacffc956b000
东创伤骨科普通门诊,476380ef-9821-497e-adce-9e63d926eb89000
翟伟韬,4b60e8cd-84d9-41e8-a481-899c28dea2ea000
裘敏蕾,5448be55-1745-458b-9d8a-99e51f218b14000
王传锋,761f0faa-60cf-4268-871e-db2eead9c4f2000
赵有光,7e771f37-3228-4e5e-addf-64cff144d843000
膝关节微创专病,87d8eb16-b869-41b0-9c53-c8f1d057acc1000
倪立青,96a740ab-c720-11e1-913c-5cf9dd2e7135000
陈丽华,96a74137-c720-11e1-913c-5cf9dd2e7135000
周嘉陵,96add711-c720-11e1-913c-5cf9dd2e7135000
陈聪,9b4f8489-26b2-424a-bf07-feca316068f9000
股骨头坏死,a477b3f5-b906-4487-910f-6f2d5e057c03000
东创伤骨科-足踝疾病普通门诊,c656488d-024a-42f6-ba49-0db07942546e000
关节骨病外科门诊,fc9c6c99-fa43-4bbe-b05d-0fa15521da3f000
曹旭海,f6d5b1d9-b6cc-40fd-bff5-51c6dc8f5192000
东脊柱外科-脊柱肿瘤普通门诊,0be4ee8c-992b-444f-ad99-78fe36540b5d000
熊敏,131372050654478000
吴靖平,131372052529687000
东神外科-脊髓脊柱专病普通门诊,1e534765-401e-46ba-8753-bccb5d40f3e2000
王建东,26b3e98a-e17a-4a20-81b9-6e3294008c7b000
陈雷,2c75f712-7a7a-483b-bd3a-caefc7f30ec2000
吴小峰,320c4f34-5764-4fd2-9d86-bacf25735190000
孙骏,33761bc7-164d-4c93-94c4-5b68637d561a000
周威力,35b68edf-424d-4420-8a00-c6ab82e4ef10000
东康复科-骨关节疾病康复普通门诊,3866b0d0-3f5b-46a7-8ad9-90463ba932d9000
郑珊,3f2309ab-ed52-4f83-a720-4549d558216d000
孙文鑫,0d8c76f0-0f2f-46ff-8769-93951731eb3a000
徐通,2d3191da-f679-487f-810f-50960ccb9ed1000
陈洁,ac59f653-a83a-4706-a890-82a65be90bd5000
李嫔,31d1e50e-92c9-41dd-8d45-a329f823f336000
卫敏江,4af27829-0d95-4b44-a2ad-475d5db2bade000
谢利娟,647269e5-0aca-4188-97eb-a48280fceaa7000
沈理笑,93141ab7-59ba-4e45-bf51-9c801ddec247000
王立波,3a23a611-855b-439b-ba3c-a2ad94d11166000
薛征,9f21f718-d4d8-4b98-8ec9-0362608a0e1b000
沈品泉,f757c3ca-a440-4d69-b7ce-82271959e0a1000
顾松,5f6023bd-5777-473f-ba1a-9f00c44024e6000
刘廷亮,b2fac3d5-cec3-4be0-8efe-a8abdfd911aa000
殷勇,c1c6bc3f-f516-4933-9bc3-f3e43b54b573000
李海,db64aed5-409f-4316-a1d4-7527a7981a8c000
陈嫕,c22c9a7d-463a-4a82-aee0-08a9b5cbbcf7000
王翔,5ecce4ad-1a79-4aed-b219-052bca0e4d3f000
徐卯升,922cf1b6-166b-4e0b-99f1-6c9aa0f35340000
余永国,af2025a5-ea82-4ddc-91f0-646ece474881000
房定珠,d6219f1f-ca06-433d-92c8-e2c8cac623a9000
孙莲萍,31f629c1-20e1-4d7e-9a67-851c37c96ac7000
杨凯华,5a26ee45-699b-47e5-b267-a12e3140bfce000
张网林,e70b78e3-4fdb-4522-a053-768e1aeebc46000
杨友,1c0fdfcb-6226-42d0-aaa2-ecc0b0b14a48000
严勤,c18bc795-e6c9-4ff1-9dd7-e490231d5a7f000
马杰,fd6d7c95-0beb-477a-b6c0-b4cb901d2134000
程勇,0e770866-6ab4-463c-989c-26b317b9aca1000
王捍平,d07f0fc5-662c-4f29-ad61-53ea8e882269000
周静冬,f4c43020-ad9f-4211-81c0-5b7fb8758696000
邱文娟,0f80ae46-9e57-4221-968c-25405dc7785d000
钱继红,44e477ce-4d6a-4b91-981a-b3660d2c982f000
王晓林,8d355003-c617-47e3-87e2-3d11f6b8ab0f000
杨璇,b2438a23-7590-437c-adb3-0ece32a9195b000
王榴慧,d13e7f0f-e847-430e-be2b-4f64a9959774000
薛海虹,f454f4b0-ffbc-495a-ad05-683f5ae6a6cf000
唐亮,60106df5-df3d-457f-885c-eee9fcc76c4e000
周拥,6c023970-9300-4317-b5c7-6cb0a4fc9b6c000
王薇,e765f59f-d2f4-4065-ba7d-9c6ce190d6d3000
俞蕙,579b5432-b036-48e9-8c22-5b0d68e3e99a000
陈珽,62dc4f54-ccb3-4b32-a0f9-a563b0db570a000
金燕樑,e6f6d630-231a-43e2-b835-3daab1253988000
相加庆,125749731127834000
王玉环,5288d8c3-1b20-43d0-bb05-adbfe472a54f000
沈捷,a9df30b4-215b-44f4-b41a-faf4c76498bb000
施婴婴,2af990b8-74dd-4361-a49d-30776ed7a184000
姚渭清,a1aecd0c-72f6-412c-8a9f-7d22a5509632000
蔡德培,0633f723-b172-470b-83a4-bb4a67519278000
黄剑峰,082a9866-94ac-4fbd-8829-39d4a1e7dab2000
张皓,5f61412f-37d0-4ad3-bebc-af8b6344142c000
张帆,f86a2e50-8e6e-4755-a9e3-32d3410f4262000
吴琳,4658b244-812e-4a72-8dfb-dcfa3bfd83b7000
张元凤,a920c4b1-fd87-408b-a0a9-79a6016a6ef8000
李志华,c906ccf8-340d-43dd-bbe2-0cfcfcae375c000
黄丽素,e9185269-8540-4790-b4bf-f614d8c11977000
叶明,68b9564e-b429-4b57-9aed-8caf2b15d364000
钱秋芳,0d751adb-bb91-4128-85a3-3f0119f5a614000
沈涤华,3506d52a-71ef-467a-a61f-ece310e42ee4000
徐蕴岚,6d96b9bb-4492-4afb-a3eb-93d5408826f1000
陈纲,d147d4c0-2bf6-4829-956f-a4e291030f5f000
刘全华,594753fb-cc68-4406-b0bc-9b6172a77340000
陈笋,6be57660-ee41-4007-800a-368429466177000
宁铂涛,aef7ea97-398d-45c7-8879-4711ac396c46000
王秀敏,b1a4f78d-9aca-4900-9093-2b3116c5f36b000
陈杰,b1232092-e451-4410-84d5-09a6444e0361000
童学波,0256b2cb-ad53-4a77-a8a5-7412aa3d2453000
吴佳欐,cc0c53d7-2fdf-4efb-9e56-eac01a8b39b1000
葛翼华,f515511a-f687-4333-bac3-0f4ac764ff80000
夏卫萍,15c075f0-3bc1-46de-a61b-727c9c4c6cd2000
陆良生,8a190f3f-76b0-45b0-bd2e-714a84bf0c42000
陈丹,ce4eed60-c735-4c92-addf-91146eff41da000
赵志民,06676b07-d893-4e2b-b2e1-be5c15ad179e000
陆文丽,0a6574e9-879b-441d-8235-9747cbc8c3a4000
贾兵,538d2f49-e926-4aef-b60a-e7fe4cce125d000
华丽,6cceed6f-9bad-4282-ad87-a904b165307b000
许丽雅,084092e2-226a-4d54-a04a-f5e015ef7ebd000
李筠,097b19f9-5def-40b6-84f5-42ccc8235191000
韩连书,09b9c5b1-9dc2-45cd-be23-ffb15523512d000
张立凤,25ef7b9d-ca47-40e6-b176-b33f60b82837000
周翊,64b5b5d6-5714-4c60-86a6-4a50bf2a5693000
宁波,84828f3b-6ee8-489b-be67-24ddc6771978000
钟文伟,a157a30f-12ff-46f4-9094-ff7e22fbc232000
方旭华,a5f3c3a1-dba8-40f4-b373-508c13dbecce000
胡明,b6de8e84-eb68-43a2-a322-67d8b2938845000
徐虹,fdcccfc5-6b1f-4d60-929e-db3be402fce6000
祝丹,00befabe-adb5-44dd-922b-8c30d80f9f09000
严志龙,faf36996-76d7-45b1-8b22-9b7dbd35feba000
周纬,2486f68d-0d2d-472d-89c7-c01460da59e6000
杨芸,b60b54db-1558-4451-b0d4-24360189b1bb000
周莹,e51b52dc-9cfd-497e-873b-95704573fb6f000
蒋瑾瑾,86b5f989-cb73-4a80-997f-debbd882a503000
张志红,a26bc16c-5a9a-47d9-a432-11477af28757000
张儒舫,d78711bf-e914-4bdb-a738-9962521b8ebc000
林外丽,dea579a4-0742-4585-a828-8ba1eddb9d0f000
张勤,e9a4d780-7a9d-4da2-9c06-03c04641faac000
陈文霞,fb103b4f-0a93-40bc-9676-1fa991d0d5e5000
李凯,14c4c2f9-6bd2-4612-b07f-b3e636f6d661000
何大可,25228624-317e-4262-8371-d0632b67e8d1000
朱丽敏,7bbcffee-3559-4fd5-9f4f-aedfe63aecad000
李玉婵,aeb3808e-a01f-414c-b6b3-a89069a28ee8000
俞全胜,b1103a92-4408-4121-89c3-237bf0fd4487000
何英,05329d6a-db18-4d77-a8e2-6295447ed649000
邹振庄,29b53ab4-0017-4258-aa1d-f223e8a0d950000
陈若平,2a4a210c-33be-4d1e-90a3-8ce9b6519244000
沈淳,3c2c9ead-5e36-4a4e-a1af-eb3dc5f84506000
仇黎生,666eaa7a-6885-4f8e-9b46-529b300fed99000
王达辉,6ebc6d6d-6b55-4d57-9d42-ae3a99f1b111000
薛惠良,ab7567e5-a34f-4028-8ce3-00196cdd4b5b000
施伟,da78b9ec-70f5-418d-bbcc-d3f3fb44c473000
傅玉梅,1628ca32-a6b6-4ab7-be03-347e160dcbd7000
戴燕琼,942308b7-90e8-4217-9877-60b87eede22c000
婴儿血管,139711155717874000
肖波,35267bae-3da4-469d-ae6c-b4f54773f187000
金蕾,39dd39e1-7c2a-4de4-8c4b-e39acbfb2190000
张婷,4b72a637-85ed-42fc-99bf-7ebc8b909fbb000
张斌,55d2a2c2-612d-4fb8-bb68-bde67b806508000
李昊,a79db43c-d70f-4391-84bf-5455e5d39d87000
祝忠群,7a15c133-f518-4e90-83be-dde59d37d196000
刘海峰,bd935093-3c3a-4831-9206-df6a8beb32c8000
朱默,c02f5faf-728d-4fd6-99b7-6dc4e815c767000
董良超,ecf3ad6e-7f89-4eca-a9c6-bb1d42798beb000
吴瑶,21751f26-aae7-4018-b35e-a6c9964ac1c8000
沈小钰,2ce97f42-0491-46e1-920c-252350057f05000
钱嬿,31587132-0255-41c6-9f23-da4441207bf8000
徐敏,5219cf95-c4d9-4f06-8b74-c5dd95fc16b2000
盛琦,9237d45c-dc13-496f-9442-d921eb92ff2b000
金惠明,ada3c0d1-794c-4cc5-bc0d-415157942758000
宋善路,c4a2d852-4604-4cb2-9410-bf55e2024c91000
王伟,cced1d80-2d9d-4cc3-9f25-1d36f379a9c9000
倪继红,e9266e19-b790-4a03-a815-3bd8f2d67799000
贡海蓉,00213539-5dae-494e-b64f-2359fb1c1e86000
白凯,83077f13-852d-428c-ad72-634ccecfab7a000
石苇,efab4fe0-661c-4cc9-8403-fee18b24e80f000
王顺民,f03592c5-5c29-46d0-8056-c059071143b2000
李云珠,f2e6e542-a6b3-462a-a3f0-264a835ddd40000
郑景浩,05c98e56-66d6-4ecb-a27c-5860a027c96e000
董治亚,0a995bb4-56a1-4b92-b38d-8f27d397a3cc000
史积善,2233aeda-90f7-4838-9fff-f3408a890896000
胡文娟,2266383b-2ad6-4ad0-a749-52e39c4b3bdd000
孙金峤,44e11f29-e713-4ad0-957c-3ed7702b0f39000
肖咏梅,645fd065-576f-42b4-b4ff-66851fba7cb6000
高巧娣,963335aa-7f61-4169-b432-32777805a890000
沈文俊,a7c941f0-c2fc-4af6-b9b3-00dc71d6d1ff000
叶颖子,ae25a281-2a12-4337-846d-593ad7a4f885000
孙琦,ae753ab6-0336-49ff-9648-54a432a8db2a000
黄锦玲,b6ad2224-1e52-4044-b623-8c8ceebf4d66000
罗义,bbe8841d-634c-4e1b-a5dc-38444f7a84dd000
丁晶,cf213fb5-a1f0-44d8-a5e4-8d33c1f95678000
龚群,d450779c-07f4-44da-9be3-8f61db5f5e17000
温树勤,dfb47e1c-9994-4cf9-8471-1cf763cbac84000
周莲宝,f4ac872e-cdcb-4997-b91a-9507108dbb6a000
金武官,162abd96-de62-4a30-90cd-d1bebb7e05de000
张静,23496b9d-1068-485f-ab04-ae0df030bd9b000
吴杰,3bb463d3-4a37-484f-94d9-e8c09a0c9132000
刘兴元,43a5d252-6437-4881-beae-262e6a9dd686000
周利军,46d1bc88-aff8-4e45-871e-a917a54fda0f000
朱晓东,483b2020-706e-46f1-932f-055f5022602d000
李璧如,5ca85637-9423-4002-85ea-a702230ef346000
陈会文,97f9c7ff-b550-4fec-8b16-7706efc57932000
谢新宝,b3324e1e-538e-4741-947c-cf9feca7e2f6000
周莎莎,bd06a2d2-e220-41f9-9977-4257c9ca3244000
孙松,f5592a13-99ae-4a07-959b-3d32380023c3000
窦丽敏,4a29f5ed-eb87-4cfa-8a21-1daf72c534fc000
姚海丽,4f7aeada-987a-4b5e-b3df-d082af0fbee1000
王文妤,64440f35-c973-4895-8822-2ad7606a474a000
李斐,869c2681-15a0-4d63-90a2-514d3be89004000
沈军,a8da75c8-5773-4aba-b4a6-973b9f78d9e9000
谢业伟,b1b40924-44dd-4a8d-9f6e-6b48e19c3a5d000
陈佳瑞,5178c259-d20c-4be5-8a06-faa68b725dbb000
曾敬清,52a02a43-21af-4048-a89b-dd37781bc0e4000
郑秀革,6a699cbc-a114-498b-9624-5df39fb87292000
孙利,9e0b358b-39a8-45f5-ba8b-ed5898ba8427000
曹兰芳,ab8dc335-d3ff-4ee2-8e9a-63e8cb016c23000
梁华,d821c59e-0584-4946-9459-9057c6e97a7c000
朱天闻,fb48684f-316a-4dee-b24b-73cf99affbbe000
江静,039bad65-c47f-4c04-9e76-0a1acf1e1881000
庞烈文,126708557198193000
叶军,2933ddbc-e1aa-4c4f-be2b-1a864db8b9e4000
黄美蓉,4a32e735-c021-43e5-b96d-726ff0b2e5d3000
蒋鲲,4e83e80f-0a51-457e-bbc9-f174b8f54854000
俞建,53518b25-6907-4dd3-9474-39011da14ba4000
邱定众,5dc71c97-1976-4aac-939a-92e32b8c7341000
陆毅群,8b54ca9f-61f3-420b-8eda-e46c169f2d50000
颜崇淮,90a1a2e0-312e-4b70-bda6-8fdae475c9bc000
董卫,cfc36e73-a04a-4a4c-a621-7f5b1733c004000
盛晓阳,de6c494c-d9a9-4421-94cd-e2a2dcf6e6ea000
陈燕萍,131615613471741000
俞辉国,14bcd2ff-e82c-459d-941b-eeedde1683f6000
朱宏斌,15edf63d-9b8b-4a39-b352-b5f63c8cee45000
李奋,26fe5580-cc5d-4c15-92f0-2c3ba047bf8a000
王俊,2eef9800-ffcf-41a0-b76c-5073f2370014000
李卫,6b9a2ce4-8526-4d62-95c0-4c0066089e02000
张敏,7638847b-c417-4bc8-836f-555a7eb3f2cb000
陆铸今,84bd8ba2-6868-466c-add5-caeda372ad9c000
杨晨皓,86b8acf3-d582-4816-952b-5bcf3f207050000
王耀莉,8cd25c2e-2fa9-48cf-b8b9-d3eeb7deb319000
王素娟,8cd7cab6-5d28-4189-af9f-9cc6ea7e874b000
朱长林,a804fb30-b69d-434e-a648-b232b65a8cfe000
杜玲珍,ba377626-14e1-40c0-bb62-a2e75be2917d000
李利清,bc0f9474-89b7-4520-8aeb-a70768f1550b000
高伟,bea7d30c-7b2e-436a-a707-ae94ed725363000
陈建雯,bee7c9c2-f512-4429-941c-139103c2e881000
马骏,c2f22a40-04e1-4e8f-bd65-22bd1dfcdc92000
苏昌祺,ff7053bf-927e-4908-9b88-f7d8015e13f9000
吴良霞,06d02e69-eb81-482e-9249-07fb8fabaef0000
黄文彦,08ca174c-8c37-454b-9e58-0335a12b84d7000
罗飞宏,13bbce4c-67ea-45d2-9663-1800c725259a000
王建设,2d8d7913-e545-4587-bc98-6ee4720d732c000
杨根兴,38a247f8-369a-4b34-b248-1289f15d50ad000
王子才,4a10cc91-8ca0-4493-ab91-857ca686f411000
朱光华,53927620-4803-40fb-80cd-a5cef1a5756d000
周曙光,5ba6fd1f-45db-4c2b-8ad9-3b9c2e75319a000
曹清,5d8309c2-997f-4440-8a6a-2ec82857ca91000
乔蓉,7712f00d-c30c-4bb8-ada8-5aea5513c541000
徐素梅,816df451-626f-4923-ae88-23844f1b8932000
周渊峰,88a343be-2d8e-4456-a35d-ad62f46c8c06000
毕允力,9bec3f49-3c65-4307-974d-79276cde20b0000
沈丽萍,9cbb7eb8-dd62-4fb1-b5e3-f8d17518d0eb000
余小萍,b8729d3e-7ac1-4463-933d-f570ad749ab7000
张毅,c1058778-cff9-489b-a606-b19018883158000
周征宇,c5d33659-ea62-4114-b475-bbc073d39e9f000
张海波,d98b70fe-9bac-4cdf-bf97-b5726f7b0f28000
陈敏怡,fdb15af9-2b82-4c8a-8aa4-5d9cdc330306000
史珍英,06927b99-4228-4b80-920f-6479093fffdb000
鲁亚南,0e9c7a54-7e7f-46b3-a028-661e54199904000
许春娣,1c9509bb-bad9-42ea-aeb6-ce141abacbc2000
王纪文,29ff3f23-04ad-4fd8-ad95-443394a2737c000
王作鹏,2fd068ce-b1a0-4e54-9e82-70060d0e5f7b000
王志刚,371a8085-44cf-4c24-a63d-642b27bad6fc000
蒋慧,642f908f-d0fc-42bd-a11e-86eaaf63636d000
赵国昌,746b4ba6-82f9-4467-83d6-ff9bfe147c44000
虞坚尔,817ab795-e0c2-4843-8578-146eae5bd962000
顾明达,9c4f86a8-e3bd-4b62-a0dd-db64c7eda700000
方晓亮,b5e11f8c-3c3a-4108-97a5-bf3ab371da5b000
黄绮薇,c05cd10c-9f16-457c-9e1d-1e1daf267b76000
沈敏,f87ef4fd-aebc-43ff-b93d-3a5d7f3dac78000
李菁,fc6c6dba-2b93-48b8-90c5-d5eb84805eee000
张晨冉,1482e16a-c1fa-4857-896c-337dc7e233dd000
王佶,26b05972-225c-4c7b-b3d5-97fef0388c46000
赵鋆,32728f5d-c073-4d20-878e-64aaba33b0de000
支涤静,3eba4067-5102-4043-a609-461d44463cca000
卢燕鸣,4f62a92b-600c-49c0-9d7f-d9837c632258000
孙建华,503f9b28-6517-4092-8b50-aa04e5f1691a000
刘芳,5ccaa554-0c04-4fa3-8abe-60d3c79a737f000
陈静,75e1c255-53c1-4cd2-aa0e-5d5dbd57e518000
赵海腾,98e392a1-65fc-49a1-b12f-22bdd08a6a55000
陈菲,9b57f987-bb7f-44cd-961a-4b574550b8b0000
汤定华,a4b684c3-f100-47c9-abf9-071fd2649b9e000
陶麒麟,b5252605-3ab1-4658-9736-d70bcbe1b3f2000
李军,bc76a67d-d43c-4d1b-803d-b2a785de71ab000
董瑞,bed226ba-faa9-4c25-8659-0f335ed0c5bf000
胡志红,da3945be-b600-48ca-898f-2d3204722a88000
田宏,e5dd0fce-199e-48a7-a166-4290eedeea6b000
朱霖,ecb94c51-9a7e-487b-9066-e52e27ac9f20000
陈莹,fc3846fe-5fae-4e47-a313-fc78009513d2000
王忆勤,01425b63-496a-4025-8091-6bc1fa17415b000
宓越群,01bbf95d-7307-4dbe-a25f-37c997cab1a0000
黄敏,03b9162a-09cb-4915-be67-259e28a8a6d2000
董晨彬,09a615d7-fc04-412d-81af-25b157370557000
鲍南,0ba669e3-0185-49ac-946f-8b8a06e92bf3000
赵阳,10c8d6dc-c946-4e3e-b388-615d3221aaaa000
姚敏,131615611212839000
洪莉,14738818-61d1-4e56-94df-4db04838aec2000
张冰峰,28346279-877b-44e7-9fab-4992df29434a000
刘豫阳,4c9f0251-cbdf-4f8a-956e-2ded71566241000
陈张根,4dc4208c-6fd8-4f9f-b9d6-c99e36a4af5a000
翟晓文,52bdd727-815c-4151-b9c0-9b4797769eb9000
傅立军,60e94a82-7ea5-4115-89c9-4dd8955bd6f3000
董岿然,6831685f-dae1-4840-9dd8-8774c50a433f000
余晓丹,7aac37f0-62f1-441d-933f-f0743e8f1289000
谢晓恬,8308bb5e-d75a-4bd0-b0b5-ad8c21ae363f000
王晓川,8ed6f3ad-1a7a-4533-a888-b3b883e765a9000
谢华,a411f303-3b4b-4e0e-b701-ac294b4d5cf8000
彭咏梅,a4733e7b-8d2b-4ef3-970c-b6bde3babb6b000
王晓林,c2d0046b-926e-43fc-b5de-9daa753dbfc0000
陆凤娟,c39a5a19-6976-48af-a7cd-31238307e07a000
阮双岁,cf0d17bb-5979-47bc-b641-02e9817b5682000
张育才,e1e01770-d784-499f-9b15-a1aa0be0b4b9000
钱虎飞,e22bf808-1f58-4902-a110-416a31231d50000
崔璐璐,ebedf90f-d0c1-487f-b181-6c0f0a1e95dc000
朱启镕,f2f983db-6fe2-4756-8a24-0ed3559999ef000
金佩娟,0c758c88-6d04-4982-a485-845e733ed9bc000
王颖,10402201-e71f-4ce6-bbf6-6de13236e205000
陈伟斌,130707000419679000
曾玫,1908303a-58c4-4212-be8f-77740e54ac58000
蒋丽蓉,36d7aece-9bab-443d-83d3-f434b01dfee2000
章依文,3d0fe146-383c-4361-aa9d-30eed25fc106000
杨健萍,4641270c-32bd-43a3-98b3-3bec1cadc1dd000
苏宛华,4bec1e75-6938-4ed7-8f85-ab482f9aaec4000
张婧,5f59c477-03ab-4bc0-acc8-88e0bb2e4b38000
张亦群,644106a8-6ecf-4942-ac8c-889719b4caa7000
潘慈,78d3f411-7af8-4d42-959f-fa2535eef299000
沈桢,883176f9-900a-4248-8b50-9e05c341fcd8000
唐晋清,896da4d3-e495-4681-8f35-5df17995ddac000
周云芳,8c4e2763-aa34-42db-b4c3-8024f825c450000
殷琪,921c2e1d-c1eb-42ec-8c4d-63ee3442f0fe000
王瑜,a86a4aad-35c6-4f76-afb0-13af53a1429a000
宋玮,c1f93c66-cf5e-4d64-97c4-f441135bdcef000
袁忠祥,c2ce6ded-bd3a-4cd9-987e-015e0652a90e000
余东海,c388202b-b206-4cfe-ade2-4fd34e4749b0000
周秀红,c83cdea2-1598-4e11-9ec5-0fd7a011383e000
毛海英,f130751a-f294-4af7-965e-5e45262e0337000
张涛,fa31126d-29ef-446f-a598-b55300167ee2000
陈同辛,ff734daf-732d-4e98-a018-0111fea4b8c0000
耿红全,06b9e12b-ebe6-432d-8dad-842f7d683926000
吴珉,072632e3-2e1a-4e04-a4e0-17185a5b3682000
朱晶晶,132341968814637000
王晓明,1edd46fd-d59f-44a5-a096-ef8844a16f76000
吕志伟,27bc141a-1805-4c8b-94d4-87bbee4430a5000
门诊儿内普通门诊,3f33f7d0-3bb3-4fd7-8fd5-cdadb9cdacf2000
张凯峰,46e381e5-5f8e-4bf9-818d-4dab24a13f5e000
吴虹,5441a918-341a-48c3-9b79-396c9107dcb1000
陈天兰,570c7740-4a4d-427c-b494-405e48e44bc4000
吴洁,67fb62d5-262d-4509-be1c-5f6f485cfbe2000
蔡奇勋,8175a681-9ac1-493e-ab98-33d225c30523000
李玲,946dc52a-5d2e-4799-a492-0123c1df54e5000
董晓艳,9921ec26-7052-47d5-ad7a-80dd2044d08a000
蔡小满,9da56f38-395f-4a47-a002-99435314a83f000
陆炜,9eb9b02d-3977-4fda-ad62-3ce91deb92d5000
岳孟源,a57df428-8fb1-47ea-8015-1c90ab3c64ab000
朱盛国,a6ed721f-49f3-40f1-9eaf-81b4723ceb1e000
夏以琳,a827bf62-ab93-467b-9b81-d44584f77c42000
徐敏,b14e986a-541c-43d3-97c3-c6aa3f8e4cbf000
裘刚,d41beef4-7c2c-4af5-bad4-9a1fd5ee6ad9000
康金凤,ddc41689-e59c-4e50-abd1-91bc8e91fb96000
倪坤,f2c8c2b8-c371-49aa-9047-ae616de8c80e000
洪建国,f75400c5-c871-4ae0-85c8-9bff268eeaad000
严文波,030dafe1-48ed-47e6-9f5e-27d082339d6f000
于清,1079c0fa-ed4c-4a55-984c-3b2926645c27000
林洁,109fea3a-b3b5-4057-b2a3-6c22d671197a000
刘引,11ee9ae5-0c69-45b3-850b-e41f42cea66a000
儿科内分泌专病,228a303b-60aa-4cbb-97db-16991cb5a5c4000
柴毅明,2da67826-cc09-43ed-a589-7265b08f40d6000
缪千帆,32b7452b-82c2-4b27-a0b2-fafca49bc095000
王新华,362578f8-79a4-4ccd-b8d2-1c9d60935cbe000
俞慧菊,36b83ad8-4934-4dca-94cd-43d84ae1295c000
陈家树,5079c7aa-51b1-48b7-988d-97d3fbfad26f000
郭维,576b3179-3e88-4d02-a382-eaea77fe778f000
张国琴,60642f9c-aeb5-4dcb-859b-a9523342bf24000
励楚刚,661a8699-93c1-42df-b058-f8f06edd6aed000
陈连红,6bdaeb0d-71c3-4672-a71a-9fea09491ecd000
陈其民,82b80914-f23f-416b-8d67-1a24db813a14000
李玉峰,83c00d3a-9744-4a8e-ab4c-5af632138862000
沈树红,9e2afd0b-b56a-45c0-8503-b83fd9c79a07000
孙洁,a888ca8f-1120-43a0-8297-6211df6de7a9000
黄晓东,ada79e6f-5c73-43cb-bfec-902049d93216000
赵建琴,ba885666-9ee8-45cf-9d08-88bff4923591000
张自明,bfb37b71-eced-461f-a5fd-0209d4d9f25d000
叶飞,e053e17f-12ba-48cb-9689-a62ef502632e000
方洁,fb21f066-bc57-44fa-979b-702f3af1a148000
脑血管疾病普通门诊,ff44041d-c05f-4bb8-b3b4-c440559467df000
马巍,ff5eaade-e70d-407e-b87d-8d949ef8f369000
吴晔明,04736440-7a8b-44ea-810e-11a477e1fd2d000
乔晓红,11baa7c1-7b13-4ff2-9c6f-363b3f2d2c6e000
郑桂芬,234e917f-80c5-48d7-98b9-545f70f80eeb000
蔡海青,280ad656-3481-4f42-bdfb-2ef0d1e472f1000
韩亚丽,331b1753-bd6a-44af-ae45-e20ce6640a6f000
徐志伟,361569f4-1aca-4c4d-bff4-a915a0c7fb86000
刘靖,610a6f57-6ad5-4421-9d09-2685b988aec8000
沈永年,68839208-ef3f-4f7f-9d66-3390344adb6e000
刘海梅,6b07dca2-493a-45b9-8e78-c336710c80c9000
陆正华,700ad3f9-2884-4fa9-91db-b83cecc55307000
陈兆文,72084fbe-6d84-4889-a37c-1f45a8359ff1000
封玉琳,7995d115-90d8-4626-9784-142def9583a3000
赵漂萍,7d3bc4c8-17ba-407b-b285-1375e7673160000
张炜奇,7e965e4f-7ad8-49db-b978-efd0ea467b04000
钱娟,901d2801-dc10-4bba-a305-8fd4422cf48f000
王相庚,99358976-dd99-412b-aaf4-4095c3ff58a7000
肖婷婷,a8592e2e-f6e6-44ba-9ee6-c3ab75bcbc86000
蔡嘉琳,aa5d754f-8375-4511-956d-8d0c78955e63000
吴伟岚,af3c9376-a3ee-4aad-a08d-99abd3e458bb000
谷丽,b52f9caa-ecee-4ff8-ab03-ef69bdf261c3000
沈雅娟,b9490f54-9c1c-4120-8d50-a56a87bde11b000
梁雪村,b9dc3246-3353-40f0-a896-041a86acba64000
闵伟福,d120c926-5477-48aa-9056-7e82871a000e000
刘国华,d8893c96-3826-4630-94e9-ba02ea9adfad000
赵红,edc3e354-3e4b-40c9-a37c-08ada92a28ab000
闵若良,f28b3de9-be57-451a-8311-6b691e68a113000
王健怡,f3c55612-bcc5-4d79-8e35-e7735daa0656000
茅伟伟,f94f2928-f44f-44dc-af89-aba78c5b36c9000
顾学范,08fca5f9-ee22-4559-bd86-f5d0a56a5366000
沈玉成,099b7a6f-d3fa-461d-a9e2-c34d4d1e2705000
褚珺,0cf0edf4-81c4-4664-bbcb-11bfb0697976000
陆怡,12e1d3f3-6eb0-471c-b504-93130fb00946000
刘锦纷,1da6ae71-5a2f-48d2-bd3a-4e4edf73dd95000
施彩萍,2122a1a5-76dd-4192-8289-556d1d5b7538000
周晓迅,29067d41-a146-4e26-804b-558fa168640f000
赵鹏军,29dbaae4-c785-4f27-9228-db38ea661670000
李臻,2c40a002-89c8-4301-8891-e0958e39369f000
张惠文,3a6e27a1-7af9-40ae-b7b7-f6990fdfbf9c000
肖园,429dea87-3341-41a9-a467-2e347f9dac05000
蔡洁皓,4609aedd-84b8-4852-94c4-2da0d876db45000
潘岗,46d219d7-b770-4d4f-a451-89ba5583406c000
邵彩虹,4cee16f0-46ef-4abb-b617-a7234c2b1230000
余熠,5da50c59-028b-47fb-8a4e-eab50a501a13000
仇万山,6187284e-eca2-4dbd-8b19-2394e635d7e5000
陈婷婷,639e0bfe-eb61-44f8-8c5c-9f5a7831daf0000
胡红,6cadda69-fc4e-4309-8c16-b564be1b13b3000
袁晓军,6f2a3693-210a-48c1-8900-3c0e7aef54fb000
芦军萍,8360d08a-242c-4813-9ec6-ec43c6c20b3c000
萧子佛,8a487103-d865-41b0-990f-659fe385c045000
张静敏,92e064bf-88ef-41d7-aee4-5bb44914e439000
杨芬,b67ca306-3106-428c-a90c-8ea370c83a03000
谢利剑,bfec5d05-bbe4-458b-9163-5eb93d8cd011000
亢娟,c53139f4-890a-426b-842e-2e86021438d9000
顾龙君,d27f7c7c-97b8-4aed-8d01-23d86a0d5df0000
徐海霞,d7ed622e-22ab-43c0-8f5e-26a394332db8000
陆敏,dee2ecf8-c2c9-4083-84ad-49489b27b631000
杜惠敏,f029fc32-8393-4c01-8b0d-671d11a60251000
殷蕾,f0b7d8ae-06dd-4768-bc38-7c633e29094b000
顾龙君,f16cd158-f87c-4a36-a85f-59425ab3a070000
虞盟鹦,050C994FAE4C9340E0500A0AC8645D53000
陆泳,057e2ed0-12dc-4efc-ab16-d86a58d46c01000
李雅春,06d4adb7-4816-4518-be83-bd686f8d9d8a000
查健忠,138181402920088000
任宏,1f99730d-bbfb-4ab5-b35f-2438f3b75801000
景虹,23612db7-0ddd-4c6a-96df-c18205f855a8000
王希华,2663b4af-bae6-4552-a670-dcff0dd2a4bb000
龚小慧,2cfd9b63-211c-4f26-aab4-380b1a297874000
顾美珍,31397787-9621-4796-883d-3a70fe936a6f000
顾学范,43864747-90ec-4a0c-a553-90c247fcdc48000
张汝慧,43ce2087-c5f1-42b5-a6de-e1c84cd05483000
张建华,4dd78bb2-3268-4e2e-9ea5-2f970f34ad63000
刘晓青,550bc132-b445-40b9-a021-a51dc362b58d000
谈珍,57e11783-64d7-430a-9d8c-cd254a6b0ff2000
沈健,5d1e6de3-80f5-4dfc-9a3d-d22ba428311d000
金星明,5e1221ed-e337-4229-b76d-5a3a360a13d8000
吴滢,649b26eb-d4f0-4ad6-b224-cc62a8130616000
陈天武,6b71909f-a13a-4be7-95b2-2b46cbacc1a3000
姚明珠,83265953-f653-4f60-9cb1-1c443433c03f000
朱大倩,83e14bb5-db32-4e65-8287-6f93ce6da8c9000
钟海军,8a700c3f-fc6d-41de-95d5-33d52c256d4f000
韦秀珍,8d422ee4-34ed-457f-a406-6308a1cdb8ce000
马晓静,95ce0d3e-ef7d-4a1d-9d0a-738ffddaf8de000
王萍,a0e5157a-d967-4f91-92ea-69d977cac09b000
眼科普通门诊,aaf48ddd-bcb5-4576-85ef-e65ed6a0ad23000
赵诸慧,ab9caa5d-73db-4fa5-8a3d-11aa7add958a000
黄一敏,adc240a9-23c6-454b-abd2-269669e656fc000
许燮萍,b0246c77-791d-4742-8151-e827286d04e9000
龚霄雷,b0a296b1-7b0e-4bab-8b08-f9a17fdb750d000
丁建华,b5d5411a-7548-41db-b9ef-b1e2611f3fcb000
张林妹,b8eb5a58-7bf3-4daf-9e75-d549b308e6ce000
徐琼,becaa069-114e-487f-a24c-4ff457ba1c70000
库尔班江·阿布都西库尔,c2ef7e9d-5245-440b-8085-a32fb0cd4748000
朱燕凤,d02e3614-b9b8-415f-b1de-191b605311e4000
裴家好,d261778f-48d8-4621-acc6-3155cc72c337000
张薇,d99a54a4-10db-4d6f-8813-c1d4249ff17d000
吕凡,e85e4ade-95f0-4bc3-a562-54b130a6a65e000
任慈芳,efafeda3-2058-46aa-8d56-361148794541000
丁宇,f28726d1-692b-43b3-925a-e53bbd0319b5000
王廉文,fd55ea25-a1f7-4e14-9fa4-82b1fc083992000
戎群芳,ff90c164-7986-4f00-8762-03c1dbb6ceb2000
蔡振伟,128807655069815000
王丹茹,135bfd2f-7626-4edc-8aae-d98a84f2f6e1000
陆燕芬,14189b34-8091-4adc-8ab5-ad187b937b97000
杨波,1dcfa0d3-68e4-4553-a36e-0884fd823bf6000
邓玫,231fca46-2588-477f-b5fd-02e36c34321c000
陆爱珍,24eaf7b7-5bb4-4b3e-aa5c-eb956bf7fa65000
内科普通门诊,2b555c2b-bfb5-4472-b8de-551b420dc4d9000
王中林,4323e6bc-e050-4d9c-a8ae-9124c6efc6df000
徐伟珏,5b9f1945-2b68-48e5-bf37-02ba2bf8cfb2000
孙锦华,5e93c92c-a672-4bc4-8acf-14772391c805000
陆慧丽,6cb18916-9038-4c90-b854-f4463e4ae39f000
徐钢,73487436-eb57-4bbd-a3b8-3b6dc90852fc000
吕志宝,73e25c3d-25b8-42d0-9e56-c02415feddbb000
邓朝晖,75aac22b-bb0b-4c2e-8161-899c28602514000
李敏,76d19224-c92d-4c42-959f-8c9e02857768000
皮肤科普通门诊,7e2a90b8-e55b-4095-a0de-5919bd28305d000
刘铁新,80a4eadf-ffd3-4a1e-8404-2dd6c5f337b5000
蒋莎义,8303c09c-bb61-47bc-95bd-d4054c861c3c000
陈丽琴,91b2f06e-2cd3-47b9-8bf0-9ec35818d5f6000
车大钿,94d068b6-c58e-46cf-bdcf-f0279ca5381a000
刘江斌,a6033374-4c14-445f-8e18-55fcda643521000
贝斐,aed7e3af-b6b3-49a1-ad7a-cc71acad26bb000
冯海燕,b5ad9470-4bfc-493c-8d7b-0da1b300eb91000
儿童保健,b7a67bcb-fcae-4d18-b5c5-1511880b104d000
陆勤,ba351a8e-3fda-40e0-9a67-7d410b9be9cf000
季瀛豪,c556528b-d802-44dd-8829-05a6d6f3225b000
张帆,c788662a-2a98-42f1-aa53-765721a38336000
吴少峰,d7c12ef1-137b-4593-8e98-b517ecd82f15000
徐健,d9f73fbf-ec26-48bf-be76-e45968bdca5a000
朱慧华,da2b0eb3-ca0a-4552-b9fd-363c56ba23b5000
吕惠英,e79e290c-1ae1-4e41-8f83-ff492e625346000
王莹,ebdf0ca9-97a7-4db6-89c2-fad782db3132000
胡勇,f05691a6-cdf7-462d-b31a-65152f119b7f000
帅海平,f6a3cb0c-dce5-4883-9051-53f236c01809000
王韧健,f877627f-4138-4b8d-8e0f-4a4af6d0420f000
冯金彩,fe22481b-4ab7-4121-9010-a8bf8eca921f000
陈艳,06b2d86b-777b-4ccb-9116-dc5770a58a0e000
曹琦,0c12f96d-e83f-4377-80ac-c84a19718a5e000
心内科普通门诊,0d9cb80c-e9a7-424c-b8a3-c04b1ed71c87000
泌尿科普通门诊,117f5e23-bbbb-49af-b74b-ffd8e8ab7c82000
冯一,11f1afda-6a29-4491-87b3-d12278a4fa26000
侯佳,2682c921-efdd-4370-8646-681cc8587a62000
程艳蕊,34aa3e51-b892-453f-ac00-5b5e816c3724000
陈育才,3da0bde7-88b2-470a-a6ae-da38333d540b000
沈剑,4d8763ec-0d5a-48ca-9d4d-df18242e5f03000
贲晓明,4e1ff0cf-76ed-4a00-9805-a284a50f73ec000
呼吸科普通门诊,54684cd0-501a-4cf5-90c3-96130e194812000
王斐,5bc26349-3f38-4dbb-830c-5ab9f3b7b561000
焦宇,5c7915bd-3411-4fd2-bca9-e5e79ea3a80b000
吴莹,5d6826c9-b19c-48ee-978f-02848641e55c000
肾内科普通门诊,5ef60478-3bd8-4977-a44a-b3096ee8d39d000
黄志恒,62d09676-73e8-4904-86a3-4b0161ac4dd1000
王大连,64df6998-927a-4f72-8837-c67fc77d9a0d000
邬宇芬,7d13e84e-95ee-455b-a5cc-17d921e70476000
周德兴,8394ad95-1f8c-4cf5-be82-e569ae7d4aa1000
陈慧敏,956f710d-4670-4244-94f9-89793c915dec000
郁莉斐,c449231f-848f-4cfe-a3e2-36f5b5dd86d1000
张拥军,ddc9ed44-1541-49be-b465-e7c48ad8d82d000
沈晨凌,de554a20-3e7a-4b2b-b302-60efb0edeebf000
张杰,e275e6a9-6135-4576-88af-c7445086d07d000
俞懿,ed097ce3-986a-4494-906f-e6c8dfc2da28000
戴柯,f58b331e-a48e-408e-8009-7f371fdf41ed000
施剑敏,fc888c64-ab31-47d8-8fa8-8fe2221f6f01000
孙杰,8ff46a5e-8924-4409-98ff-439747bf4ad2000
邵静波,11ab810f-4ed5-48d1-842a-a3b3200f3523000
小儿整形,139997176173476000
葛艳玲,15e96d58-8a52-410f-b1f6-c6ff263f785c000
闻萍,241a1471-8b14-4035-b3ee-e3da2b0ae8ef000
神经内科普通门诊,24560c13-7122-4cfd-96ce-a6f9a0ec67f0000
吴近近,34e511ce-0a99-4ee7-93d4-eb340103b283000
常国营,35c23514-0cbf-4d1c-a73c-1291f8d652ff000
周莎,378bedec-3668-4196-bde5-a42cfec9026d000
郭颖,422a8f7a-9bcc-43e1-80a4-3e32ff38d367000
张欣,4dbf3a6d-bb42-426e-963a-7378f42e5f16000
内分泌普通门诊,4e02814c-76d1-4b72-81f6-8edcac2a04e7000
石文静,56c98ed1-691a-4741-b482-652cfed21358000
武育蓉,6ec990b8-68e8-4e82-bee5-8014c648afbf000
徐凌云,735c5207-68dc-4ac4-b376-dd2a1669b93b000
于科一,73b5977c-e1b8-45e4-99d0-ed03527e7844000
方立浩,77388c8f-8465-41b6-869e-531ecb9a9011000
吴岚莹,78ed1325-9dd3-48aa-ad81-2bf8b2b5e034000
周燕萍,7cce31e2-def7-419d-80fb-c80aac4616aa000
钟舒文,81189373-69af-475b-aa97-c8491a78a3da000
血液科普通门诊,8ed7dd43-2d7c-4d40-8c4e-2458f9c21055000
杨子珍,95bd96ab-c720-11e1-913c-5cf9dd2e7135000
普外科普通门诊,a56d01f0-1b1c-4435-947c-3f8c8cdae84d000
沈鸣,a681c127-b643-4c3f-aebe-7849e74b45b2000
张晓英,ab04bcec-f5af-4cf7-b2e9-ecc0ae654bd0000
金志娟,abdb398e-7bc8-4bf6-bf50-665c3eb886c1000
蔡成,b67b2d0b-ebcb-423b-a3f3-1148979c4ba6000
李娟,b9241989-61aa-41cb-b19d-650ef6c1f88b000
丁艳华,bcbc555e-6149-459a-a9ba-456e9d9621a7000
心理科普通门诊,c09dc3ce-e0ff-418f-94aa-a59bdd58b82e000
方明俊,c0bd7a5e-007c-4617-8228-9c700b4435e3000
夏红萍,c52e7b9b-3732-4a7c-afb0-5ab2b7f00f15000
张惠锋,cb972874-8a56-4fde-9348-86145a92b860000
周爱卿,d19c3490-89b5-4c86-a768-ca38f0a0faaf000
包春玲,dbca89b6-ab8b-4b6b-b91e-24dc13094314000
何蓉,dcdac74f-07a0-4f37-aaea-84af204b6f96000
刘晓青,e136f251-8cfb-4906-956b-53f32a5e7932000
乔荆,e4d5a875-d020-433d-b4e8-3fafdd1cb5cd000
王玉龙,f1f32eb9-dd8a-48e2-83ff-2e4818a467f0000
李锦康,f96cb965-51a9-4d63-bf31-744d70d6cee1000
黄玉娟,0ce72fd7-6e4c-4ed8-9584-b094cb980955000
夏敏,122b65a0-a0f5-4b09-a4fd-cbbea0aa6fe8000
倪品菊,156d34ae-0d3a-4381-bb93-304ead2fa3f2000
步军,21618234-7b68-4f6e-af16-3d801ab25b54000
王坚敏,236c3e1b-b693-495b-b642-6f1c0399aab0000
邵新华,294ac1da-e558-46dd-baa9-ff483c51f8ae000
赵诸慧,45d0fe0b-4a71-4914-b602-2516fc32df01000
陈文娟,4cfc4a70-11eb-4a1d-82ea-a8449c6a6f0e000
朱建幸,564489c6-f1cf-462d-9a3f-90f7cd4c3ceb000
王建设,7264fa2e-d409-4b96-ab74-8dbb11cfe8b3000
倪晓燕,82521533-b690-4958-841e-e2c3038e547b000
胡海赟,8f9b24f5-f511-4cfc-a320-87826150fd8d000
小儿科普通门诊,93f1eca0-1869-47e4-acc8-48442a5133a2000
皇甫占,962b4a0c-c720-11e1-913c-5cf9dd2e7135000
张建明,9f48c80d-a15a-46d3-9cf1-b96051f73ca0000
胡文婷,9f6b94a6-6130-4e9f-8290-18f8ca18e1f2000
张静,a171456b-780e-47e5-a257-b45e781c59f5000
贺影忠,b35f724a-d2ed-4b93-b0fa-2dfe79751140000
骨科小儿骨科专科,b46221bb-a047-46d4-8148-ce61392db86f000
儿保科普通门诊,bd548e3d-31a1-482e-817c-e6fa672a296c000
秦丽,c1f8ec58-7103-47e5-b2e5-afaa5fd7dd71000
顾珺,daca78a4-1e6a-430f-b29b-6450366b9ae7000
王翠锦,e39c96ab-d954-48a2-b209-221b716b96b4000
周小建,e7706d3d-5484-43e0-8a4b-9e2a45209606000
蔡虹蔚,f39410b8-2e28-4596-aedf-cd28d7ce5c75000
欧阳玲,128807653901040000
殷骏,128807652660092000
李箐,0817ae87-27e3-4649-9962-cfa2a02abd43000
梁进涛,0f44036d-cde6-45e3-9970-94a2c8eb3c57000
汪吉梅,126354378076124000
儿科,138181404013842000
杨晓东,15b02b15-44ee-46d1-9b23-819017a8d9c6000
李本尚,22694d32-19a8-40f9-86dc-d16e38008959000
儿内门诊普通门诊,36c7d5c2-eb5b-44f7-9394-61e0608ca4d7000
姚崇武,36d96f4c-73b2-4a23-9e29-5ec4e3228c53000
林珍,4474b685-c004-4381-b3d9-e758d825a475000
吴春星,4a0c67fe-df6c-4e84-8b82-67e6b32b262c000
岳孟源,4ef74d00-8342-4c0f-82a7-3c474acace6f000
沈朝斌,674da0dc-825b-46cd-9f67-fd66a36a113b000
林洁靓,7e329d13-17c7-412c-8683-447050890371000
杜鹃,85427cd2-eb07-478d-94ae-a25d62e6381c000
心胸外科普通门诊,9795a1c2-fd65-4c81-9591-d12c2936f598000
孙淑娜,99e1ce91-366c-4555-8d5d-de0f219e2555000
杨为群,b1374fb1-5cf0-4902-879d-324d12776e06000
张文波,b8b15aaa-0149-46d4-b376-7784bee291f3000
储晨,bb18a8c4-0b54-44ac-821a-2f69122e24a9000
彭云川,c28b22a3-0f76-4c51-8eaf-3626d0e4870f000
陈睦,3a944c87-b5e0-4d87-a68b-b712c1fbdc30000
郑一鸣,769b2dc5-990d-41d8-9f9b-4547c395e6a0000
景延辉,80deb48f-85b8-4ab4-92fc-8ce5706697a5000
马瑞雪,1d449438-5035-4376-b672-7b764447e372000
谢丰,2fab6c8e-7bb4-4eb4-b1b1-f577a471c45c000
张菁,0e603a08-537e-46e5-aa66-42f7776189d4000
赵利华,70010342-eda1-4990-a976-d07d028ac7af000
曹根林,79cbf349-1f47-4880-aed9-d16e4410f15b000
骨科门诊普通门诊,e85746bc-247f-4eee-b983-1bf661ea4349000
陈柏松,f7943f5c-1151-4775-897a-5e13ffc0f68c000
王林,6a043486-0e0d-48e2-a50f-3fe3ffc0388a000
陈梦婕,ce40e188-a547-4973-b250-0866b23efb13000
髋关节疾病普通门诊,be71ec56-4e4a-4877-ad76-7576e80eada7000
马蹄内翻足专病,6dc05a79-36a2-45cf-a8c8-abd0349ca937000
徐平,14284d7a-5644-43fe-8eab-dce58605507f000
杨杰,99aa6450-778d-4ae9-b547-f7da19ae5a26000
小儿骨科专家门诊普通门诊,abff6fbd-8e4e-488e-b65c-afbb10ccbd62000
刘玉斌,dbd8310e-aaea-4d15-b108-4562ef95d748000
骨科专病,f13e05fb-e928-42cf-8401-541499b902d2000
骨科普通门诊,29e59573-ce2a-4794-ab53-3d1b31efa100000
儿骨科普通门诊,329b79ff-3f02-408f-a0d7-c7b506fc9bca000
小儿手足畸形,62c6f3b8-a340-4a66-af19-c635f6182e96000
骨折随访普通门诊,631d924c-8b2a-4cbb-8c05-e1e6bb84ed72000
吴守义,94fe4ceb-c720-11e1-913c-5cf9dd2e7135000
骨折术后随访普通门诊,5eefc49b-d498-4e69-8cc9-d9abdd5584ad000
下肢畸形普通门诊,6a84e1d7-528d-4496-a5fe-3d8e513412a4000
上肢畸形普通门诊,b7704d4b-c375-41d7-a5bd-a1d312b5cd7c000